City
Agra
Ahmedabad
Ahmednagar
Aizawl
Ajmer
Akola
Alwar
Amaravati
Ambala
Amravati
Amritsar
Anantapur
Angul
Ankleshwar
Araria
Arrah
Asansol
"Aurangabad
(Maharashtra)"
Baddi
Badlapur
Bagalkot
Baghpat
Bahadurgarh
Balasore
Ballabgarh
Banswara
Baran
Barbil
Bareilly
Baripada
Barmer
Barrackpore
Bathinda
Begusarai
Belapur
Belgaum
Bengaluru
Bhagalpur
Bharatpur
Bhilai
Bhilwara
Bhiwadi
Bhiwandi
Bhopal
Bhubaneswar
Bihar Sharif
Bikaner
Bilaspur
Bileipada
Boisar
Brajrajnagar
Bulandshahr
Bundi
Buxar
Byasanagar
Byrnihat
Chamarajanagar
Chandigarh
Chandrapur
Charkhi Dadri
Chennai
Chhal
Chhapra
Chikkaballapur
Chikkamagaluru
Chittoor
Chittorgarh
Churu
Coimbatore
Cuttack
Dausa
Dehradun
Delhi
Dewas
Dhanbad
Dharuhera
Dharwad
Dholpur
Dhule
Dungarpur
Durgapur
Eloor
Faridabad
Firozabad
Gandhinagar
Gangtok
Gaya
Ghaziabad
Gorakhpur
Greater Noida
Gummidipoondi
Gurugram
Guwahati
Gwalior
Hajipur
Haldia
Hanumangarh
Hapur
Hisar
Howrah
Hubballi
Hyderabad
Indore
Jabalpur
Jaipur
Jaisalmer
Jalandhar
Jalgaon
Jalna
Jalore
Jhalawar
Jhansi
Jhunjhunu
Jind
Jodhpur
Kadapa
Kalaburagi
Kalyan
Kannur
Kanpur
Karauli
Karnal
Katihar
Katni
Keonjhar
Khanna
Khurja
Kishanganj
Kohima
Kolhapur
Kolkata
Kollam
Korba
Kota
Kunjemura
Kurukshetra
Latur
Lucknow
Ludhiana
Madikeri
Madurai
Mahad
Malegaon
Mandi Gobindgarh
Mandideep
Mandikhera
Manesar
Manguraha
Meerut
Milupara
Mira-Bhayandar
Moradabad
Motihari
Mumbai
Munger
Muzaffarnagar
Muzaffarpur
Mysuru
Nagaon
Nagapattinam
Nagaur
Nagpur
Naharlagun
Nalbari
Narnaul
Nashik
Navi Mumbai
Noida
Pali
Palwal
Pampore
Panchgaon
Panchkula
Panipat
Parbhani
Patiala
Patna
Perundurai
Pimpri-Chinchwad
Pithampur
Pratapgarh
Prayagraj
Puducherry
Pudukottai
Pune
Purnia
Raipur
Rairangpur
Rajamahendravaram
Rajgir
Rajsamand
Ramanagara
Ramanathapuram
Ratlam
Rishikesh
Rohtak
Rourkela
Rupnagar
Sagar
Saharsa
Samastipur
Sangli
Sasaram
Satna
Sawai Madhopur
Shillong
Shivamogga
Sikar
Silchar
Siliguri
Singrauli
Sirohi
Sivasagar
Siwan
Solapur
Sonipat
Sri Ganganagar
Srinagar
Suakati
Surat
Talcher
Thane
Thanjavur
Thiruvananthapuram
Thoothukudi
Thrissur
Tirumala
Tirupati
Tonk
Tumakuru
Udaipur
Ulhasnagar
Vapi
Varanasi
Vatva
Vijayapura
Vijayawada
Virar
Visakhapatnam
Vrindavan
Yadgir
Yamuna Nagar
